{
  "global": {
    "wavlm": {
      "RR": {
        "mean": 0.9161239705979825,
        "median": 0.9196141362190247,
        "std": 0.031398475427224355,
        "count": 160
      },
      "CR": {
        "mean": 0.8691721826791763,
        "median": 0.8743329346179962,
        "std": 0.03275121979722651,
        "count": 240
      },
      "CI": {
        "mean": 0.8420939081658919,
        "median": 0.8482652008533478,
        "std": 0.04236261040765378,
        "count": 480
      },
      "CR_RR_ratio_mean": 0.9487495258003572,
      "AUC": 0.6997569444444445,
      "EER": 0.3489583333333333
    },
    "wer": {
      "RR": {
        "mean": 0.8942179458277161,
        "median": 0.9202056945109112,
        "std": 0.07602024712406139,
        "count": 60
      },
      "CR": {
        "mean": 0.8478026558167024,
        "median": 0.8746241275776219,
        "std": 0.1117023970246546,
        "count": 90
      }
    }
  },
  "by_speaker": {
    "211": {
      "wavlm": {
        "RR": {
          "mean": 0.9287094831466675,
          "median": 0.9302234649658203,
          "std": 0.01914483450870719,
          "count": 60
        },
        "CR": {
          "mean": 0.8811433056990305,
          "median": 0.8826871514320374,
          "std": 0.027108143257436306,
          "count": 90
        },
        "CI": {
          "mean": 0.8347800238264932,
          "median": 0.8499252200126648,
          "std": 0.05637493107645439,
          "count": 180
        },
        "CR_RR_ratio_mean": 0.9487825005442256,
        "AUC": 0.7740123456790123,
        "EER": 0.2833333333333333
      },
      "wer": {
        "RR": {
          "mean": 0.9336586497083253,
          "median": 0.9274619948383043,
          "std": 0.026728620303217827,
          "count": 20
        },
        "CR": {
          "mean": 0.8644429708313742,
          "median": 0.9176931753319082,
          "std": 0.12238802976848022,
          "count": 30
        }
      }
    },
    "4014": {
      "wavlm": {
        "RR": {
          "mean": 0.9146560907363892,
          "median": 0.9196141362190247,
          "std": 0.02995351162192802,
          "count": 60
        },
        "CR": {
          "mean": 0.8580374393198226,
          "median": 0.8638386130332947,
          "std": 0.03514031988889331,
          "count": 90
        },
        "CI": {
          "mean": 0.8418830374876658,
          "median": 0.8435363173484802,
          "std": 0.03102038622061116,
          "count": 180
        },
        "CR_RR_ratio_mean": 0.9380984262937745,
        "AUC": 0.6327777777777779,
        "EER": 0.40555555555555556
      },
      "wer": {
        "RR": {
          "mean": 0.833826832091033,
          "median": 0.8628655239237564,
          "std": 0.09795028720929626,
          "count": 20
        },
        "CR": {
          "mean": 0.7742540955312442,
          "median": 0.8109425402333172,
          "std": 0.10848377482394253,
          "count": 30
        }
      }
    },
    "730": {
      "wavlm": {
        "RR": {
          "mean": 0.8994475215673446,
          "median": 0.9079996347427368,
          "std": 0.03910143306794105,
          "count": 40
        },
        "CR": {
          "mean": 0.8679176131884258,
          "median": 0.8722011744976044,
          "std": 0.03055355846748378,
          "count": 60
        },
        "CI": {
          "mean": 0.8533810406923295,
          "median": 0.8570120930671692,
          "std": 0.027569218395656556,
          "count": 120
        },
        "CR_RR_ratio_mean": 0.9649452495861282,
        "AUC": 0.6627777777777778,
        "EER": 0.4
      },
      "wer": {
        "RR": {
          "mean": 0.9151683556837898,
          "median": 0.922443895154726,
          "std": 0.037242188397307203,
          "count": 20
        },
        "CR": {
          "mean": 0.9047109010874893,
          "median": 0.9162842183201837,
          "std": 0.04195090093010148,
          "count": 30
        }
      }
    }
  }
}